Store,Store Name,Manager Name
1,Lakeview Mart,William Johnville
2,Parkdale Mart,Johnny Thomson
3,Cedarville Mart,Matthew Davidson
4,Meadowbrook Mart,Barb Martinez
5,Pinebrook Mart,Jose Robin
6,Star City,Donna Jackson
7,Fairview Mart,Emily Miller
8,Crownpoint Mart,Karen White
9,Hillcrest Mart,David Anderson
10,Coastline Mart,Robert Wilson
11,Elmwood Mart,Daniel Jones
12,Bridgetown Mart,Rebecca Taylor
13,Maplewood Mart,Laura Thompson
14,Georgetown Mart,Mark Garcia
15,Springfield Mart,Elizabeth Brown
16,Sunnyvale Mart,Jennifer Williams
17,Kingston Mart,Sharon Smith
18,Astoria Mart,Susan Martinez
19,Brookfield Mart,Rachel Moore
20,Summerfield Mart,Richard Harris
21,Cliffside Mart,Patricia Johnson
22,Stormridge Mart,Jason Thomas
23,Dawnville Mart,Christopher Davis
24,Pleasantville Mart,Lisa Martin
25,Edgewater Mart,Charles Robinson
26,Ironforge Mart,Paul Jackson
27,Timberwood Mart,Nancy Miller
28,Newport Mart,Jessica White
29,Riverbend Mart,Gary Anderson
30,Westbrook Mart,Mary Wilson
31,Clearwater Mart,Thomas Jones
32,Greenville Mart,Michael Taylor
33,Aurora Mart,Linda Thompson
34,Bayside Mart,Sandra Garcia
35,Millstone Mart,James Brown
36,Highpoint Mart,Kevin Williams
37,Twin Pines,Anthony Smith
38,Winterhaven Mart,Sarah Martinez
39,Riverside Mart,Timothy Moore
40,Silverton Mart,Betty Harris
41,Redwood Mart,William Johnson
42,Oakwood Mart,John Thomas
43,Rosewood Mart,Matthew Davis
44,Eaglewood Mart,Barbara Martin
45,Foxridge Mart,Joseph Robinson
